Player,Pos,Tm,Salary
Dak Prescott,QB,DAL,$31409000
Jimmy Garoppolo,QB,SFO,$23800000
Trent Brown,OT,LVR,$21250000
Derek Carr,QB,LVR,$18900000
Russell Wilson,QB,SEA,$18000000
A.J. Green,WR,CIN,$17971000
Ryan Tannehill,QB,TEN,$17500000
Aaron Donald,DT,LAR,$17000000
Matt Judon,DE,BAL,$16808000
Leonard Williams,DT,NYG,$16126000
Chris Jones,DT,KAN,$16126000
Taylor Lewan,OT,TEN,$16000000
Chandler Jones,DE,ARI,$16000000
Alex Smith,QB,WAS,$16000000
Shaquil Barrett,OLB,TAM,$15828000
Bud Dupree,DE,PIT,$15828000
J.J. Watt,DE,HOU,$15500000
Brandon Scherff,G,WAS,$15030000
Tom Brady,QB,TAM,$15000000
Joe Thuney,OG,NWE,$14781000
T.Y. Hilton,WR,IND,$14542000
Donovan Smith,OT,TAM,$14500000
Stefon Diggs,WR,BUF,$14200000
Odell Beckham Jr.,WR,CLE,$14000000
Melvin Ingram,DE,LAC,$14000000
Khalil Mack,OLB,CHI,$13300000
Jarvis Landry,WR,CLE,$13000000
Philip Rivers,QB,IND,$13000000
A.J. Bouye,CB,DEN,$13000000
Stephon Gilmore,CB,NWE,$13000000
Russell Okung,T,CAR,$13000000
Myles Jack,OLB,JAX,$12750000
Kawann Short,DT,CAR,$12500000
Trent Williams,T,SFO,$12500000
DeForest Buckner,DT,IND,$12378000
Patrick Peterson,CB,ARI,$12050000
Frank Clark,DE,KAN,$12000000
Davante Adams,WR,GNB,$12000000
Xavien Howard,CB,MIA,$11900000
Sheldon Richardson,DT,CLE,$11900000
Ryan Kerrigan,DE,WAS,$11500000
Justin Simmons,FS,DEN,$11441000
Anthony Harris,DB,MIN,$11441000
Jurrell Casey,DL,DEN,$11250000
Julio Jones,WR,ATL,$11200000
Tyrann Mathieu,CB,KAN,$11150000
Trey Flowers,DE,DET,$11125000
Geno Atkins,DT,CIN,$11100000
Larry Fitzgerald,WR,ARI,$11000000
Kareem Jackson,DB,DEN,$11000000
Byron Jones,CB,MIA,$11000000
Malcolm Butler,CB,TEN,$11000000
Allen Robinson,WR,CHI,$10900000
Laremy Tunsil,OT,HOU,$10850000
Bobby Wagner,ILB,SEA,$10750000
Lavonte David,OLB,TAM,$10750000
Hunter Henry,TE,LAC,$10607000
David Bakhtiari,OT,GNB,$10500000
Whitney Mercilus,DE,HOU,$10500000
Akiem Hicks,DE,CHI,$10200000
David Johnson,RB,HOU,$10200000
Will Fuller,WR,HOU,$10162000
Kevin Zeitler,G,NYG,$10000000
Ryan Jensen,T,TAM,$10000000
Marcus Peters,CB,BAL,$10000000
Anthony Barr,OLB,MIN,$10000000
Amari Cooper,WR,DAL,$10000000
Landon Collins,SS,WAS,$10000000
William Jackson III,CB,CIN,$9954000
Alshon Jeffery,WR,PHI,$9910000
Casey Hayward,DB,LAC,$9750000
Rodger Saffold,T,TEN,$9500000
Kirk Cousins,QB,MIN,$9500000
Gabe Jackson,OG,LVR,$9350000
Rob Gronkowski,TE,TAM,$9000000
Andrew Norwell,G,JAX,$9000000
Stephon Tuitt,DT,PIT,$9000000
Eric Fisher,OT,KAN,$8750000
Duane Brown,T,SEA,$8750000
Trai Turner,OG,LAC,$8500000
Jamison Crowder,WR,NYJ,$8500000
Tyler Lockett,WR,SEA,$8500000
Travis Kelce,TE,KAN,$8500000
Joel Bitonio,G,CLE,$8500000
Kenyan Drake,RB,ARI,$8483000
Ronnie Stanley,OT,BAL,$8366000
Harrison Smith,FS,MIN,$8350000
Tre'Davious White,CB,BUF,$8250000
Tyrone Crawford,DE,DAL,$8000000
Justin Houston,LB,IND,$8000000
Brandin Cooks,WR,HOU,$8000000
Richard Sherman,DB,SFO,$8000000
Yannick Ngakoue,OLB,2TM,$8000000
Teddy Bridgewater,QB,CAR,$8000000
Alex Mack,C,ATL,$8000000
Ryan Fitzpatrick,QB,MIA,$8000000
Golden Tate,WR,NYG,$7975000
Charles Leno Jr.,OG,CHI,$7900000
Carlos Dunlap,DE,2TM,$7800000
Anthony Hitchens,OLB,KAN,$7800000
Corey Linsley,C,GNB,$7650000
Carl Nassib,DE,LVR,$7500000
Marcus Mariota,QB,LVR,$7500000
Darren Waller,WR,LVR,$7280000
Nick Martin,C,HOU,$7250000
Justin Pugh,OG,ARI,$7250000
Matthew Stafford,QB,DET,$7200000
John Brown,WR,BUF,$7050000
Kyle Rudolph,TE,MIN,$7025000
Adam Humphries,WR,TEN,$7000000
Henry Anderson,DE,NYJ,$7000000
Nick Kwiatkoski,ILB,LVR,$7000000
Sammy Watkins,WR,KAN,$7000000
DaQuan Jones,DT,TEN,$7000000
Brandon Linder,OG,JAX,$7000000
Anthony Castonzo,LT,IND,$7000000
Jared Cook,TE,NOR,$7000000
Kenny Stills,WR,HOU,$6975000
Justin Coleman,CB,DET,$6950000
Bobby Massie,T,CHI,$6900000
Taylor Decker,OT,DET,$6850000
Ezekiel Elliott,RB,DAL,$6800000
Mitch Morse,OT,BUF,$6775000
Olivier Vernon,DE,CLE,$6750000
Zach Ertz,TE,PHI,$6660000
Jerry Hughes,DE,BUF,$6650000
Marvin Jones,WR,DET,$6500000
Morgan Moses,OT,WAS,$6500000
Jason Pierre-Paul,DE,TAM,$6500000
Sterling Shepard,WR,NYG,$6475000
Keanu Neal,FS,ATL,$6466000
Trent Murphy,DE,BUF,$6425000
Shaq Lawson,DE,MIA,$6400000
DeSean Jackson,WR,PHI,$6200000
Benardrick McKinney,ILB,HOU,$6000000
Jacoby Brissett,QB,IND,$6000000
D.J. Hayden,CB,JAX,$6000000
Jordan Hicks,OLB,ARI,$6000000
Riley Reiff,OT,MIN,$5900000
Deion Jones,OLB,ATL,$5850000
Maliek Collins,DT,LVR,$5750000
Kenny Moore,CB,IND,$5750000
Keenan Allen,WR,LAC,$5500000
Bobby McCain,CB,MIA,$5500000
Matt Paradis,C,CAR,$5500000
Ryan Kelly,C,IND,$5350000
Mitchell Schwartz,T,KAN,$5320000
Denico Autry,DE,IND,$5300000
Jadeveon Clowney,DE,TEN,$5250000
Ricardo Allen,CB,ATL,$5250000
Mario Addison,DE,BUF,$5250000
Ben Jones,C,TEN,$5250000
Jaylon Smith,OLB,DAL,$5171000
Ali Marpet,C,TAM,$5125000
Kyle Juszczyk,FB,SFO,$5050000
Grady Jarrett,DT,ATL,$5001000
Leonard Floyd,OLB,LAR,$5000000
Calais Campbell,DE,BAL,$5000000
Tyrod Taylor,QB,LAC,$5000000
Connor McGovern,OG,NYJ,$5000000
Mark Glowinski,OG,IND,$5000000
Shaq Mason,G,NWE,$5000000
Alejandro Villanueva,T,PIT,$5000000
Quandre Diggs,CB,SEA,$5000000
Andrew Whitworth,T,LAR,$5000000
Jack Conklin,OT,CLE,$5000000
Robert Woods,WR,LAR,$5000000
K.J. Wright,LB,SEA,$5000000
Richie Incognito,G,LVR,$5000000
Adam Thielen,WR,MIN,$4800000
William Gholston,DE,TAM,$4750000
Jamon Brown,OT,PHI,$4750000
A.J. Cann,OG,JAX,$4675000
Buster Skrine,DB,CHI,$4650000
Lamarcus Joyner,CB,LVR,$4600000
George Fant,T,NYJ,$4600000
Tevin Coleman,RB,SFO,$4550000
Kyle Fuller,CB,CHI,$4500000
Nick Easton,C,NOR,$4500000
Desmond Trufant,CB,DET,$4500000
Bradley Roby,CB,HOU,$4500000
Nick Boyle,TE,BAL,$4500000
Cole Beasley,WR,BUF,$4400000
Preston Smith,DE,GNB,$4350000
Robbie Gould,K,SFO,$4350000
Jaquiski Tartt,SS,SFO,$4300000
Cameron Brate,TE,TAM,$4250000
Kenny Vaccaro,FS,TEN,$4250000
Brandon Williams,DT,BAL,$4250000
Tyler Boyd,WR,CIN,$4200000
Matthew Ioannidis,DT,WAS,$4200000
Cordarrelle Patterson,WR,CHI,$4150000
Malcom Brown,DT,NOR,$4100000
Jarran Reed,DT,SEA,$4100000
Fletcher Cox,DT,PHI,$4035000
Kareem Hunt,RB,CLE,$4009000
Jamie Collins,OLB,DET,$4000000
Ka'imi Fairbairn,K,HOU,$4000000
Blake Martinez,ILB,NYG,$4000000
Micah Hyde,CB,BUF,$4000000
Halapoulivaati Vaitai,OT,DET,$4000000
Shaq Thompson,OLB,CAR,$4000000
Mark Ingram,RB,BAL,$4000000
Vince Williams,ILB,PIT,$4000000
Nick Foles,QB,CHI,$4000000
J.C. Tretter,OG,CLE,$4000000
Mike Evans,WR,TAM,$4000000
Robby Anderson,WR,CAR,$4000000
Shawn Williams,SS,CIN,$3935000
James Bradberry,CB,NYG,$3900000
Jesse Davis,T,MIA,$3855000
Jesse James,TE,DET,$3800000
Jakeem Grant,WR,MIA,$3780000
Randall Cobb,WR,HOU,$3750000
Emmanuel Ogbah,DE,MIA,$3750000
James Carpenter,LG,ATL,$3750000
Quinton Jefferson,DT,BUF,$3750000
Johnathan Hankins,DT,LVR,$3750000
Willie Snead,WR,BAL,$3662059
Bradley McDougald,FS,NYJ,$3600000
Daniel Sorensen,S,KAN,$3600000
Shamar Stephen,DT,MIN,$3600000
Duke Johnson,RB,HOU,$3600000
Jake Matthews,OT,ATL,$3550000
Justin Tucker,K,BAL,$3500000
Vic Beasley,OLB,2TM,$3500000
Todd Gurley,RB,ATL,$3500000
J.R. Sweezy,G,ARI,$3500000
Johnny Hekker,P,LAR,$3500000
Jason Witten,TE,LVR,$3500000
Duron Harmon,FS,DET,$3500000
Abry Jones,DT,JAX,$3400000
Tyler Kroft,TE,BUF,$3400000
Jalen Richard,RB,LVR,$3375000
Julian Edelman,WR,NWE,$3300000
Adam Butler,DT,NWE,$3259000
Elijah Wilkinson,OT,DEN,$3259000
Nicholas Morrow,LB,LVR,$3259000
Jacob Hollister,TE,SEA,$3259000
Michael Davis,"",LAC,$3259000
Matt Feiler,T,PIT,$3259000
Zane Gonzalez,K,ARI,$3259000
Roy Robertson-Harris,DE,CHI,$3259000
Keelan Cole,WR,JAX,$3259000
Mike Hilton,CB,PIT,$3259000
Kendrick Bourne,WR,SFO,$3259000
Eric Wilson,ILB,MIN,$3259000
Mike Purcell,DT,DEN,$3259000
Matt Breida,RB,MIA,$3259000
Quinton Dunbar,CB,SEA,$3250000
Damien Wilson,ILB,KAN,$3200000
Jonathan Jones,DB,NWE,$3200000
Wil Lutz,K,NOR,$3100000
Lawrence Guy,DT,NWE,$3100000
Seth Roberts,WR,CAR,$3100000
Ty Nsekhe,T,BUF,$3100000
Giovani Bernard,RB,CIN,$3100000
C.J. Uzomah,TE,CIN,$3050000
Jimmy Graham,TE,CHI,$3000000
Everson Griffen,DE,2TM,$3000000
Vonn Bell,SS,CIN,$3000000
Ndamukong Suh,DT,TAM,$3000000
Robert Quinn,DE,CHI,$3000000
James White,RB,NWE,$3000000
Breshad Perriman,WR,NYJ,$3000000
Derrick Henry,RB,TEN,$3000000
David Andrews,C,NWE,$3000000
Danny Trevathan,OLB,CHI,$3000000
Corey Peters,DT,ARI,$3000000
Josh Lambo,K,JAX,$3000000
Kyle Van Noy,OLB,MIA,$3000000
Ted Karras,OG,MIA,$3000000
Brandon McManus,K,DEN,$3000000
Tavon Young,CB,BAL,$2986000
Mike Davis,RB,CAR,$2950000
Austin Blythe,C,LAR,$2950000
Thomas Morstead,P,NOR,$2950000
Nick Williams,DT,DET,$2900000
Raheem Mostert,RB,SFO,$2875000
Jeff Heath,S,LVR,$2850000
Maxx Williams,TE,ARI,$2850000
Bobby Hart,OG,CIN,$2850000
Troy Hill,CB,LAR,$2850000
Latavius Murray,RB,NOR,$2800000
Josh Norman,CB,BUF,$2800000
Vernon Butler,DT,BUF,$2800000
John Ross,WR,CIN,$2798981
Tyson Alualu,DT,PIT,$2750000
Romeo Okwara,DE,DET,$2750000
Eric Murray,CB,HOU,$2750000
Avery Williamson,ILB,2TM,$2750000
Darren Fells,TE,HOU,$2750000
Virgil Green,TE,LAC,$2700000
Bradley Pinion,P,TAM,$2700000
Matt Prater,K,DET,$2700000
Markus Golden,OLB,2TM,$2651319
Jon Feliciano,OG,BUF,$2650000
Lee Smith,TE,BUF,$2650000
Jason McCourty,DB,NWE,$2650000
Kyler Fackrell,OLB,NYG,$2600000
Jason Myers,K,SEA,$2600000
Marshon Lattimore,CB,NOR,$2559486
Trey Hopkins,G,CIN,$2550000
Brandon Dunn,DT,HOU,$2500000
Kevin Huber,P,CIN,$2500000
Bruce Irvin,DE,SEA,$2500000
Arik Armstead,DE,SFO,$2500000
Jimmy Smith,CB,BAL,$2500000
Zach Fulton,OG,HOU,$2500000
Joe Schobert,OLB,JAX,$2500000
Terrance Mitchell,CB,CLE,$2500000
Graham Glasgow,OG,DEN,$2500000
Jarrod Wilson,S,JAX,$2450000
Dustin Hopkins,K,WAS,$2400000
Erik Harris,DB,LVR,$2350000
Harrison Butker,K,KAN,$2345000
Haason Reddick,OLB,ARI,$2302904
Joe Looney,G,DAL,$2300000
Austin Reiter,C,KAN,$2275000
Chris Conley,WR,JAX,$2275000
Blake Jarwin,TE,DAL,$2250000
Devin McCourty,DB,NWE,$2250000
Ricky Wagner,OT,GNB,$2250000
Quinton Spain,OG,2TM,$2250000
Stephen Weatherly,OLB,CAR,$2250000
Kendall Lamm,T,CLE,$2250000
Derek Wolfe,DT,BAL,$2250000
Cameron Jordan,DE,NOR,$2250000
Mackensie Alexander,CB,CIN,$2250000
Derek Barnett,DE,PHI,$2217378
Billy Turner,OT,GNB,$2200000
A.J. Klein,ILB,BUF,$2200000
Malik Hooker,FS,IND,$2183169
Eric Rowe,CB,MIA,$2175000
Stephen Hauschka,K,JAX,$2175000
Demarcus Robinson,WR,KAN,$2160000
Chris Hubbard,G,CLE,$2150000
K'Waun Williams,DB,SFO,$2150000
Ahkello Witherspoon,CB,SFO,$2133000
Brian Hill,RB,ATL,$2133000
Carl Lawson,DE,CIN,$2133000
Anthony Walker,LB,IND,$2133000
Chris Godwin,WR,TAM,$2133000
Dede Westbrook,WR,JAX,$2133000
Aaron Jones,RB,GNB,$2133000
Matt Haack,P,MIA,$2133000
Chase Roullier,C,WAS,$2133000
Jonnu Smith,TE,TEN,$2133000
Davon Godchaux,DT,MIA,$2133000
Marlon Mack,RB,IND,$2133000
Grover Stewart,DT,IND,$2133000
Jermaine Eluemunor,OG,NWE,$2133000
Brandon Wilson,CB,CIN,$2133000
Jourdan Lewis,CB,DAL,$2133000
Deatrich Wise Jr.,DE,NWE,$2133000
Jayon Brown,ILB,TEN,$2133000
Chris Wormley,DT,PIT,$2133000
Pat Elflein,C,2TM,$2133000
Dan Feeney,OG,LAC,$2133000
Julie'n Davenport,OT,MIA,$2133000
Shaquill Griffin,DB,SEA,$2133000
Jamaal Williams,RB,GNB,$2133000
Sam Tevi,OT,LAC,$2133000
Kenny Golladay,WR,DET,$2133000
Rayshawn Jenkins,FS,LAC,$2133000
Josh Reynolds,WR,LAR,$2133000
Jeremy Sprinkle,TE,WAS,$2133000
Matt Milano,OLB,BUF,$2133000
Nate Hairston,CB,2TM,$2133000
Fabian Moreau,CB,WAS,$2133000
Damontae Kazee,CB,ATL,$2133000
Cethan Carter,TE,CIN,$2133000
Xavier Woods,SS,DAL,$2133000
John Johnson,S,LAR,$2133000
Dylan Cole,LB,HOU,$2133000
Larry Ogunjobi,DT,CLE,$2133000
Matt Skura,C,BAL,$2133000
Chris Carson,RB,SEA,$2133000
Samson Ebukam,OLB,LAR,$2133000
George Kittle,TE,SFO,$2133000
Al-Quadin Muhammad,DE,IND,$2133000
Marlon Humphrey,CB,BAL,$2080566
Jonathan Allen,DT,WAS,$2046324
Adoree' Jackson,CB,TEN,$2003561
Drew Brees,QB,NOR,$2000000
Jason Kelce,C,PHI,$2000000
Dontari Poe,DT,DAL,$2000000
Andy Lee,P,ARI,$2000000
Matt Schaub,QB,ATL,$2000000
Za'Darius Smith,DE,GNB,$2000000
Jalen Mills,CB,PHI,$2000000
Michael Brockers,DT,LAR,$2000000
Shelby Harris,DE,DEN,$2000000
Jordan Phillips,DT,ARI,$2000000
Greg Mancz,C,HOU,$2000000
D.J. Reader,DT,CIN,$2000000
Alex Okafor,DE,KAN,$2000000
Eli Apple,CB,CAR,$2000000
Emmanuel Sanders,WR,NOR,$2000000
Chris Harris Jr.,CB,LAC,$2000000
Stephen Gostkowski,K,TEN,$2000000
Brian Winters,OG,BUF,$2000000
Dante Fowler,OLB,ATL,$2000000
Chuck Clark,FS,BAL,$2000000
A.J. McCarron,QB,HOU,$2000000
Rigoberto Sanchez,P,IND,$2000000
Robert Griffin III,QB,BAL,$2000000
Tyler Higbee,TE,LAR,$2000000
Sean Lee,LB,DAL,$2000000
Leonard Fournette,RB,TAM,$2000000
O.J. Howard,TE,TAM,$1977903
Minkah Fitzpatrick,FS,PIT,$1975252
Ereck Flowers,OT,MIA,$1975000
Garett Bolles,OT,DEN,$1969351
Jarrad Davis,ILB,DET,$1960798
Charles Harris,DE,ATL,$1943692
Evan Engram,TE,NYG,$1926587
Clelin Ferrell,EDGE,LVR,$1920492
Chris Jones,P,DAL,$1900000
DeMarcus Lawrence,DE,DAL,$1900000
Nick Vigil,ILB,LAC,$1900000
Brett Kern,P,TEN,$1900000
Jabrill Peppers,SS,NYG,$1875271
Patrick Robinson,DB,NOR,$1870000
P.J. Williams,CB,NOR,$1870000
Miles Killebrew,SS,DET,$1862500
Takkarist McKinley,OLB,ATL,$1858163
Vita Vea,DT,TAM,$1827658
Laken Tomlinson,OG,SFO,$1825000
Daron Payne,DT,WAS,$1790760
John Miller,OG,CAR,$1790000
Josh Hill,TE,NOR,$1785000
David Njoku,TE,CLE,$1763877
Jordan Howard,RB,2TM,$1750000
Tyler Matakevich,ILB,BUF,$1750000
Greg Olsen,TE,SEA,$1750000
Adrian Clayborn,DL,CLE,$1750000
Derek Carrier,WR,LVR,$1750000
Zach Banner,OG,PIT,$1750000
L.J. Fort,LB,BAL,$1750000
Christian Kirksey,OLB,GNB,$1750000
Pat O'Donnell,P,CHI,$1750000
Ben Garland,OL,SFO,$1750000
Anthony Brown,CB,DAL,$1750000
Adrian Amos,FS,GNB,$1750000
Marcus Davenport,DE,NOR,$1729263
T.J. Watt,OLB,PIT,$1727532
Kolton Miller,OT,LVR,$1704666
Craig Robertson,LB,NOR,$1700000
Kenny Clark,DT,GNB,$1690000
Sheldon Rankins,DT,NOR,$1690000
Ryan Ramczyk,OT,NOR,$1677485
Anthony Levine,S,BAL,$1675000
Cooper Kupp,WR,LAR,$1633000
Tremaine Edmunds,ILB,BUF,$1630868
Damion Square,DE,LAC,$1612500
Tress Way,P,WAS,$1600000
Matthew Slater,WR,NWE,$1600000
Alex Erickson,WR,CIN,$1600000
Jaire Alexander,CB,GNB,$1575522
Leighton Vander Esch,OLB,DAL,$1557071
Frank Ragnow,C,DET,$1550922
Aaron Rodgers,QB,GNB,$1550000
Joe Haeg,OT,TAM,$1550000
Billy Price,C,CIN,$1544772
Chris Moore,WR,BAL,$1535000
Rashaan Evans,ILB,TEN,$1532472
Josh Allen,EDGE,JAX,$1528756
Randy Bullock,K,CIN,$1525000
Jordan Poyer,CB,BUF,$1525000
Isaiah Wynn,OT,NWE,$1520173
Linval Joseph,DT,LAC,$1500000
Matt Barkley,QB,BUF,$1500000
Danny Shelton,DT,DET,$1500000
John Simon,DE,NWE,$1500000
Cameron Heyward,DE,PIT,$1500000
Clayton Fejedelem,FS,MIA,$1500000
Karl Joseph,SS,CLE,$1500000
Jimmie Ward,SS,SFO,$1500000
Xavier Rhodes,CB,IND,$1500000
Bryan Bulaga,T,LAC,$1500000
Justin Bethel,CB,NWE,$1500000
Cameron Fleming,OT,NYG,$1500000
Case Keenum,QB,CLE,$1500000
Daryl Worley,CB,3TM,$1500000
Ben Roethlisberger,QB,PIT,$1500000
DeAndre Hopkins,WR,ARI,$1500000
Dennis Kelly,OT,TEN,$1500000
Kevin Johnson,CB,CLE,$1500000
Carlos Hyde,RB,SEA,$1500000
Brian Poole,S,NYJ,$1500000
Thomas Davis,LB,WAS,$1500000
Danny Amendola,WR,DET,$1500000
Austin Hooper,TE,CLE,$1500000
Jordan Jenkins,OLB,NYJ,$1500000
Austin Ekeler,RB,LAC,$1500000
David Mayo,ILB,NYG,$1500000
D.J. Moore,WR,CAR,$1495574
Hayden Hurst,TE,ATL,$1483275
Joe Dahl,OG,DET,$1475000
Calvin Ridley,WR,ATL,$1470974
B.J. Finney,C,2TM,$1470588
Rashaad Penny,RB,SEA,$1458676
Terrell Edmunds,S,PIT,$1452526
Kevin King,CB,GNB,$1430575
Cam Robinson,OT,JAX,$1422022
Taven Bryan,DT,JAX,$1403178
Denzelle Good,OT,LVR,$1400000
T.J. Yeldon,RB,BUF,$1400000
Mason Crosby,K,GNB,$1400000
Ed Oliver,DL,BUF,$1389325
Carson Wentz,QB,PHI,$1383000
Mike Hughes,CB,MIN,$1377044
Chris Reed,G,CAR,$1375000
Tyler Shatley,OG,JAX,$1375000
Forrest Lamp,OG,LAC,$1374125
Austin Johnson,DT,NYG,$1362500
Brandon Graham,DE,PHI,$1360000
Marcus Maye,FS,NYJ,$1358733
Sony Michel,RB,NWE,$1355154
Devin Bush Jr.,LB,PIT,$1352808
Mark Nzeocha,OLB,SFO,$1350000
Lamar Jackson,QB,BAL,$1341059
Zay Jones,WR,LVR,$1339522
Marcus Williams,FS,NOR,$1315969
DeVante Parker,WR,MIA,$1300000
Cedric Ogbuehi,OT,SEA,$1300000
Andre Roberts,WR,BUF,$1300000
Daryl Williams,OT,BUF,$1300000
Vinny Curry,DE,PHI,$1300000
Joe Mixon,RB,CIN,$1300000
Tyler Larsen,C,CAR,$1300000
Senio Kelemete,T,HOU,$1300000
Jonah Williams,OL,CIN,$1296371
Gerald Everett,TE,LAR,$1289246
Adam Shaheen,TE,MIA,$1270982
Deon Bush,FS,CHI,$1262500
Quincy Wilson,CB,NYJ,$1251310
Dion Dawkins,OG,BUF,$1250441
Ryan Smith,CB,TAM,$1250000
Logan Thomas,QB/TE,WAS,$1250000
Jack Doyle,TE,IND,$1250000
Bryan Anger,P,HOU,$1250000
Bryce Callahan,CB,DEN,$1250000
Johnathan Joseph,DB,2TM,$1250000
Cameron Erving,OT,DAL,$1250000
Christian Covington,DT,CIN,$1250000
Kerry Hyder,DT,SFO,$1250000
Chase Daniel,QB,DET,$1250000
Ronald Darby,CB,WAS,$1250000
Greg Zuerlein,K,DAL,$1250000
Adrian Phillips,DB,NWE,$1250000
Chad Henne,QB,KAN,$1250000
Ezekiel Ansah,DE,SFO,$1250000
Pierre Desir,CB,2TM,$1250000
Tyus Bowser,OLB,BAL,$1225310
Levine Toilolo,TE,NYG,$1225000
Curtis Samuel,WR,CAR,$1220044
Rashan Gary,DL,GNB,$1216696
Jalen Ramsey,CB,LAR,$1203000
Le'Raven Clark,OT,IND,$1200000
Mike Iupati,G,SEA,$1200000
Christian Wilkins,DL,MIA,$1196777
Ryan Anderson,OLB,WAS,$1191099
Deshaun Watson,QB,HOU,$1177123
Austin Corbett,C,LAR,$1163490
Chris Lindstrom,OL,ATL,$1161503
Ryan Griffin,TE,NYJ,$1160000
Tre Boston,FS,CAR,$1160000
Will Hernandez,OG,NYG,$1157340
DeMarcus Walker,DE,DEN,$1156890
Nick Chubb,RB,CLE,$1151190
Dwayne Haskins,QB,WAS,$1150301
Eric Kendricks,ILB,MIN,$1150000
Andy Janovich,FB,CLE,$1150000
Demetrius Harris,TE,CHI,$1150000
Kevin Pierre-Louis,OLB,WAS,$1150000
Demar Dotson,T,DEN,$1150000
Darius Leonard,LB,IND,$1138891
Justin Hardee,DB,NOR,$1135000
Braden Smith,OG,IND,$1133972
Tarik Cohen,RB,CHI,$1133000
Desmond King,FS,2TM,$1129235
Brennan Scarlett,LB,HOU,$1125000
Roderick Johnson,OT,HOU,$1125000
Ronald Jones II,RB,TAM,$1122901
James Daniels,C,CHI,$1111833
Brian Burns,EDGE,CAR,$1110463
Raekwon McMillan,ILB,LVR,$1105573
Courtland Sutton,WR,DEN,$1101993
MyCole Pruitt,TE,TEN,$1100000
Marcedes Lewis,TE,GNB,$1100000
Sam Koch,P,BAL,$1100000
Nate Sudfeld,QB,PHI,$1100000
Brandon Shell,OT,SEA,$1100000
Dion Lewis,RB,NYG,$1100000
Tyron Smith,OT,DAL,$1100000
Cody Whitehair,OG,CHI,$1100000
Cody Davis,S,NWE,$1100000
Morgan Cox,C,BAL,$1100000
LeShaun Sims,CB,CIN,$1100000
Vance McDonald,TE,PIT,$1100000
Alex Lewis,OT,NYJ,$1100000
Dexter Lawrence,DL,NYG,$1097184
Harold Landry,OLB,TEN,$1092153
Dalvin Tomlinson,DT,NYG,$1088468
Mike Gesicki,TE,MIA,$1081084
Garrett Bradbury,OL,MIN,$1080585
Zach Cunningham,OLB,HOU,$1074783
Kerryon Johnson,RB,DET,$1071245
Jeffery Simmons,DL,TEN,$1070625
Noah Fant,TE,DEN,$1067306
Ethan Pocic,C,SEA,$1066231
Darnell Savage Jr.,S,GNB,$1063986
Nevin Lawson,CB,LVR,$1062500
Dante Pettis,WR,2TM,$1061869
Tytus Howard,"",HOU,$1050707
Oday Aboushi,OT,DET,$1050000
Josh Harris,LS,ATL,$1050000
Rodney McLeod,S,PHI,$1050000
John Jenkins,DT,CHI,$1050000
Kevin Minter,ILB,TAM,$1050000
Joe Haden,DB,PIT,$1050000
Graham Gano,K,NYG,$1050000
Tom Compton,T,SFO,$1050000
D.J. Swearinger,FS,NOR,$1050000
Benson Mayowa,DE,SEA,$1050000
Jordan Reed,TE,SFO,$1050000
Janoris Jenkins,CB,NOR,$1050000
Kyle Nelson,TE,SFO,$1050000
Nate Ebner,DB,NYG,$1050000
Stefen Wisniewski,LG,2TM,$1050000
A.Q. Shipley,C,TAM,$1050000
L.P. Ladouceur,LS,DAL,$1050000
Eddie Jackson,SS,CHI,$1050000
Colt McCoy,QB,NYG,$1050000
Geno Smith,QB,SEA,$1050000
Chris Thompson,RB,JAX,$1050000
J.J. Jansen,C,CAR,$1050000
Jake McQuaide,LS,LAR,$1050000
Mike Daniels,DT,CIN,$1050000
Daniel Kilgore,G,KAN,$1050000
Dre Kirkpatrick,CB,ARI,$1050000
Blidi Wreh-Wilson,CB,ATL,$1050000
Barkevious Mingo,OLB,CHI,$1050000
Lane Johnson,OT,PHI,$1050000
Blaine Gabbert,QB,TAM,$1050000
Dustin Colquitt,P,2TM,$1050000
Josh Bynes,LB,CIN,$1050000
Clark Harris,TE,CIN,$1050000
Jack Crawford,DE,TEN,$1050000
Pernell McPhee,DL,BAL,$1050000
Brian Hoyer,QB,NWE,$1050000
Nick Bellore,LB,SEA,$1050000
Demario Davis,OLB,NOR,$1050000
Luke Stocker,TE,ATL,$1050000
Kyle Wilber,OLB,LVR,$1050000
Ryan Succop,K,TAM,$1050000
Rex Burkhead,RB,NWE,$1050000
Britton Colquitt,P,MIN,$1050000
Darius Slay,CB,PHI,$1050000
Kelechi Osemele,T,KAN,$1050000
Malcolm Smith,OLB,CLE,$1050000
Mike Glennon,QB,JAX,$1050000
Beau Brinkley,LS,TEN,$1050000
LaRoy Reynolds,LB,ATL,$1050000
Andrew Sendejo,DB,CLE,$1050000
Anthony Sherman,RB,KAN,$1050000
Maurkice Pouncey,C,PIT,$1050000
Sam Young,T,LVR,$1050000
David DeCastro,G,PIT,$1050000
Luke Willson,TE,2TM,$1050000
Tashaun Gipson,DB,CHI,$1050000
Chris Banjo,S,ARI,$1050000
Cam Newton,QB,NWE,$1050000
Jason Peters,T,PHI,$1050000
Nickell Robey-Coleman,CB,PHI,$1050000
LeSean McCoy,RB,TAM,$1050000
Ted Ginn Jr.,WR,CHI,$1050000
Joe Flacco,QB,NYJ,$1050000
Aaron Brewer,LS,ARI,$1050000
Tavon Wilson,FS,IND,$1050000
Sherrick McManis,DB,CHI,$1050000
Malcolm Jenkins,DB,NOR,$1050000
Frank Gore,RB,NYJ,$1050000
Neiko Thorpe,DB,SEA,$1050000
Rodney Hudson,OL,LVR,$1050000
Kelvin Beachum,T,ARI,$1050000
Tahir Whitehead,OLB,CAR,$1050000
Sam Martin,P,DEN,$1050000
Nick Sundberg,C,WAS,$1050000
Terron Armstead,OT,NOR,$1050000
Matt Ryan,QB,ATL,$1050000
Tavon Austin,WR,GNB,$1050000
Don Muhlbach,C,DET,$1050000
Dan Bailey,K,MIN,$1050000
D.J. Fluker,OT,BAL,$1050000
Michael Thomas,S,HOU,$1050000
Mike Remmers,T,KAN,$1050000
Adrian Peterson,RB,DET,$1050000
Jon Weeks,C,HOU,$1050000
Logan Ryan,CB,NYG,$1050000
Taiwan Jones,RB,BUF,$1050000
Malik Jackson,DT,PHI,$1050000
Allen Bailey,DL,ATL,$1050000
Chidobe Awuzie,CB,DAL,$1049126
Josh Jackson,CB,GNB,$1048736
Jared Goff,QB,LAR,$1042682
Josh Jacobs,RB,LVR,$1037427
JuJu Smith-Schuster,WR,PIT,$1037152
Deshazor Everett,CB,WAS,$1035000
Taylor Moton,OT,CAR,$1032021
Marquise Brown,WR,BAL,$1030788
Tanoh Kpassagnon,DE,KAN,$1029257
Montez Sweat,EDGE,WAS,$1024148
Johnathan Abram,S,LVR,$1017509
Christian Kirk,WR,ARI,$1015897
Jerry Tillery,DL,LAC,$1014189
Uchenna Nwosu,OLB,LAC,$1003598
Darian Thompson,FS,DAL,$1000000
Wes Schweitzer,OT,WAS,$1000000
Eric Ebron,TE,PIT,$1000000
Malcolm Brown,RB,LAR,$1000000
Tyler Eifert,TE,JAX,$1000000
Darryl Roberts,CB,DET,$1000000
David Onyemata,DT,NOR,$1000000
Patrick Ricard,DE,BAL,$1000000
Kendall Fuller,CB,WAS,$1000000
Damiere Byrd,WR,NWE,$1000000
Jeremiah Attaochu,OLB,DEN,$1000000
Patrick Onwuasor,LB,NYJ,$1000000
Javon Hargrave,DT,PHI,$1000000
Joe Thomas,LB,DAL,$1000000
B.J. Goodson,OLB,CLE,$1000000
Denzel Perryman,ILB,LAC,$1000000
Nathan Peterman,QB,LVR,$1000000
Neville Hewitt,LB,NYJ,$1000000
Joey Bosa,DE,LAC,$1000000
Budda Baker,FS,ARI,$1000000
Ty Sambrailo,OT,TEN,$1000000
Michael Schofield,OT,CAR,$1000000
Charley Hughlett,LS,CLE,$1000000
Rakeem Nunez-Roches,DT,TAM,$1000000
Xavier Su'a-Filo,OG,CIN,$1000000
Greg Van Roten,G,NYJ,$1000000
Jeff Driskel,QB,DEN,$1000000
Andrus Peat,OT,NOR,$1000000
Michael Thomas,WR,NOR,$1000000
Dean Lowry,DE,GNB,$1000000
Nick Vannett,TE,DEN,$1000000
Shilique Calhoun,DE,NWE,$1000000
Derek Watt,FB,PIT,$1000000
Blake Bell,TE,DAL,$1000000
Elandon Roberts,ILB,MIA,$1000000
Dean Marlowe,S,BUF,$1000000
Sheldon Day,DT,IND,$1000000
Will Parks,S,2TM,$1000000
Melvin Gordon,RB,DEN,$1000000
Andy Dalton,QB,DAL,$1000000
Devon Kennard,OLB,ARI,$1000000
Kamu Grugier-Hill,OLB,MIA,$1000000
De'Vondre Campbell,OLB,ARI,$1000000
Dallas Goedert,TE,PHI,$991297
Brandon Carr,DB,DAL,$988240
Mohamed Sanu,WR,2TM,$988235
Nick Folk,K,NWE,$988235
L.J. Collier,DL,SEA,$987549
Kenny Wiggins,T,DET,$986800
Connor Williams,OT,DAL,$978999
Anthony Miller,WR,CHI,$966700
Dawuane Smoot,DE,JAX,$964353
Kaleb McGary,OL,ATL,$961625
Jonathan Bostic,LB,WAS,$960000
Kemoko Turay,OLB,IND,$954400
N'Keal Harry,WR,NWE,$954016
Jameis Winston,QB,NOR,$952000
J.D. McKissic,WR,WAS,$950000
C.J. Beathard,QB,SFO,$946179
Devonta Freeman,RB,NYG,$944118
M.J. Stewart,CB,CLE,$942101
Jessie Bates III,FS,CIN,$929801
Todd Davis,LB,MIN,$926471
Patrick Omameh,G,2TM,$926471
Donte Jackson,CB,CAR,$917502
Duke Dawson,CB,DEN,$911352
Adarius Taylor,LB,CAR,$910000
Dakota Dozier,OT,MIN,$910000
T.J. Carrie,CB,IND,$910000
Tyrell Adams,LB,HOU,$910000
Terrence Brooks,FS,NWE,$910000
Rob Havenstein,OT,LAR,$910000
Senorise Perry,RB,TEN,$910000
Julian Stanford,LB,CAR,$910000
Chaz Green,OT,IND,$910000
Justin March-Lillard,LB,DAL,$910000
Ty Montgomery,RB-WR,NOR,$910000
Darqueze Dennard,CB,ATL,$910000
Brent Qvale,T,HOU,$910000
Ameer Abdullah,RB,MIN,$910000
Jihad Ward,DE,BAL,$910000
Dwayne Washington,RB,NOR,$910000
C.J. Goodwin,WR,DAL,$910000
Tony McRae,CB,DET,$910000
Rick Lovato,LS,PHI,$910000
Daniel Brown,TE,NYJ,$910000
James O'Shaughnessy,TE,JAX,$910000
Geoff Swaim,TE,TEN,$910000
Christian Jones,ILB,DET,$910000
Rashod Hill,T,MIN,$910000
Tyler Ott,LS,SEA,$910000
Peyton Barber,RB,WAS,$910000
Cory Littleton,LB,LVR,$910000
DeAndre Houston-Carson,FS,CHI,$910000
Nelson Agholor,WR,LVR,$910000
Dee Ford,DE,SFO,$910000
Isaac Seumalo,OG,PHI,$910000
Chris Manhertz,TE,CAR,$910000
Germain Ifedi,OT,CHI,$910000
Tyler Ervin,RB,GNB,$910000
Cre'von LeBlanc,DB,PHI,$910000
James Winchester,LS,KAN,$910000
Nick Dzubnar,LB,TEN,$910000
Luke Rhodes,LB,IND,$910000
Hassan Ridgeway,DT,PHI,$910000
Bruce Miller,FB,JAX,$910000
Dontrelle Inman,WR,WAS,$910000
Tyeler Davison,DT,ATL,$910000
Kevin Byard,S,TEN,$910000
Brandon Copeland,LB,NWE,$910000
Kameron Canaday,LS,PIT,$910000
Patrick Scales,LS,CHI,$910000
Sharrod Neasman,S,ATL,$910000
Adam Gotsis,DT,JAX,$910000
Cornelius Lucas,T,WAS,$910000
Zach Kerr,NT,CAR,$910000
Mario Edwards,DE,CHI,$910000
Christopher Milton,CB,TEN,$910000
Justin Ellis,DT,BAL,$910000
Cassius Marsh,DE,3TM,$910000
Zack Martin,G,DAL,$910000
Trey Burton,TE,IND,$910000
Pharoh Cooper,WR,CAR,$910000
Jerick McKinnon,RB,SFO,$910000
Steven Means,DE,ATL,$910000
Josh Wells,T,TAM,$910000
Phillip Gaines,CB,HOU,$910000
Michael Burton,FB,NOR,$910000
Richard Rodgers,TE,PHI,$910000
Rashard Higgins,WR,CLE,$910000
Devontae Booker,RB,LVR,$910000
Matthias Farley,DB,NYJ,$910000
Tyreek Hill,WR,KAN,$910000
Riley Dixon,P,NYG,$910000
Lane Taylor,G,GNB,$910000
Chris Hogan,WR,NYJ,$910000
Keith Smith,LB,ATL,$910000
Andrew Adams,FS,TAM,$910000
Steven Nelson,CB,PIT,$910000
Angelo Blackson,DT,ARI,$910000
Brent Urban,DE,CHI,$910000
Aldon Smith,DE,DAL,$910000
Chris Boswell,K,PIT,$910000
D.J. Humphries,OT,ARI,$910000
Kavon Frazier,FS,MIA,$910000
Casey Kreiter,LS,NYG,$910000
Sean Davis,FS,PIT,$910000
Juston Burris,CB,CAR,$910000
Max Garcia,C,ARI,$910000
William Compton,LB,TEN,$910000
Antonio Hamilton,CB,KAN,$910000
Jason Verrett,CB,SFO,$910000
Joe Cardona,LS,NWE,$910000
Isaiah Oliver,CB,ATL,$901513
C.J. Ham,RB,MIN,$900000
James Washington,WR,PIT,$889213
DJ Chark,WR,JAX,$884294
Brian O'Neill,OT,MIN,$880603
Carlton Davis,CB,TAM,$879374
Tyquan Lewis,DE,IND,$876914
Lucas Patrick,G,GNB,$875000
Jordan Willis,DE,2TM,$865250
Timmy Jernigan,DT,2TM,$864706
Jahleel Addae,S,LAC,$864706
Myles Garrett,DE,CLE,$862126
Byron Murphy,CB,ARI,$858159
Alec Ogletree,OLB,NYJ,$856471
Cairo Santos,K,CHI,$856471
Cody Parkey,K,CLE,$856471
Anthony Chickillo,DE,DEN,$856471
Dontae Johnson,FS,SFO,$856471
Brett Jones,C,MIN,$856471
John Wetzel,T,ATL,$856471
Curtis Riley,CB,2TM,$856464
Rock Ya-Sin,CB,IND,$854839
Brandon Parker,OT,LVR,$852304
Lorenzo Carter,DE,NYG,$851226
Jawaan Taylor,OL,JAX,$850632
Gardner Minshew II,QB,JAX,$850000
Justin Reid,FS,HOU,$849957
B.J. Hill,DT,NYG,$848690
Deebo Samuel,WR,SFO,$844880
Fred Warner,OLB,SFO,$844000
Greg Little,OL,CAR,$842224
Taysom Hill,QB,NOR,$841000
Mason Rudolph,QB,PIT,$836554
Cody Ford,OL,BUF,$835419
Alvin Kamara,RB,NOR,$833000
Royce Freeman,RB,DEN,$832000
Sean Murphy-Bunting,CB,TAM,$830273
Jamal Agnew,CB,DET,$825000
Tedric Thompson,SS,KAN,$825000
Ricky Seals-Jones,WR,KAN,$825000
Eli Ankou,DT,DAL,$825000
Dalvin Cook,RB,MIN,$825000
KeiVarae Russell,CB,GNB,$825000
Antony Auclair,TE,TAM,$825000
Vernon Hargreaves III,CB,HOU,$825000
Vincent Taylor,DT,CLE,$825000
Isaiah McKenzie,WR,BUF,$825000
Montravius Adams,DT,GNB,$825000
Jojo Natson,WR,CLE,$825000
Trey Hendrickson,DE,NOR,$825000
Randy Gregory,DE,DAL,$825000
Trevon Coley,DL,ARI,$825000
Isaac Rochell,DE,LAC,$825000
David Moore,WR,SEA,$825000
Tanner Vallejo,ILB,ARI,$825000
Mike Williams,WR,LAC,$825000
Rashaad Coward,DT,CHI,$825000
Jaleel Johnson,DT,MIN,$825000
Wayne Gallman,RB,NYG,$825000
Alex Armah,FB,CAR,$825000
Reid Ferguson,LS,BUF,$825000
Conor McDermott,OT,NYJ,$825000
Rasul Douglas,CB,CAR,$825000
Charles Washington,DB,ARI,$825000
Tye Smith,CB,TEN,$825000
Elijhaa Penny,RB,NYG,$825000
Morgan Fox,DL,LAR,$825000
Mitchell Trubisky,QB,CHI,$825000
Marvin Hall,WR,2TM,$825000
James Conner,RB,PIT,$825000
Nathan Gerry,SS,PHI,$825000
Christian McCaffrey,RB,CAR,$825000
Jamal Adams,SS,SEA,$825000
Samaje Perine,RB,CIN,$825000
Darrell Daniels,TE,ARI,$825000
Corey Davis,WR,TEN,$825000
Brandon Williams,CB,NYG,$825000
Cameron Sutton,CB,PIT,$825000
Arthur Maulet,CB,NYJ,$825000
Jake Butt,TE,DEN,$825000
Justin McCray,G,ATL,$825000
Kalif Raymond,WR,TEN,$825000
Jalen Reeves-Maybin,OLB,DET,$825000
Derek Rivers,DE,2TM,$825000
Zach Wood,DE,NOR,$825000
Thomas Hennessy,LS,NYJ,$825000
T.Y. McGill,DT,PHI,$825000
Mack Hollins,WR,MIA,$825000
Mike Thomas,WR,CIN,$825000
Rudy Ford,S,PHI,$825000
Jordan Dangerfield,FS,PIT,$825000
Jason Spriggs,OT,CHI,$825000
Noah Brown,WR,DAL,$825000
Corey Clement,RB,PHI,$825000
Jake Elliott,K,PHI,$825000
D.J. Jones,DT,SFO,$825000
Josh Jones,S,JAX,$825000
Reggie Ragland,ILB,DET,$825000
Adam Pankey,OG,MIA,$825000
Eric Saubert,TE,JAX,$825000
Carlos Watkins,DT,HOU,$825000
Tarell Basham,DE,NYJ,$825000
Taco Charlton,DE,KAN,$825000
Tajae Sharpe,WR,MIN,$825000
Duke Riley,OLB,PHI,$825000
Patrick Mahomes,QB,KAN,$825000
Adrian Colbert,SS,NYG,$825000
Jordan Evans,ILB,CIN,$825000
Lano Hill,FS,SEA,$825000
Joseph Jones,OLB,DEN,$825000
Trayvon Mullen,CB,LVR,$824961
Jayron Kearse,SS,DET,$823530
Dalton Risner,OL,DEN,$819649
Nathan Shepherd,DT,NYJ,$818000
Drew Lock,QB,DEN,$813674
Jerome Baker,OLB,MIA,$810000
Alex Anzalone,OLB,NOR,$809000
Jahlani Tavai,LB,DET,$808362
George Iloka,FS,MIN,$802941
Ryan Groy,OG,LAC,$802941
Trevor Williams,CB,PHI,$802941
Mike Pennel,DT,KAN,$802941
Marqui Christian,SS,NYJ,$802941
Daniel McCullers,DT,CHI,$802941
Hroniss Grasu,C,SFO,$802941
Bennie Fowler,WR,NOR,$802941
Dion Jordan,DE,SFO,$802935
Ibraheim Campbell,SS,IND,$802935
Jordan Richards,SS,BAL,$802935
Elgton Jenkins,OL,GNB,$802597
Joejuan Williams,CB,NWE,$795535
Geron Christian,OT,WAS,$779000
Marquise Blair,S,SEA,$778484
Sidney Jones,CB,JAX,$776471
Erik McCoy,OL,NOR,$771261
Ben Banogu,EDGE,IND,$765205
Bashaud Breeland,CB,KAN,$764706
Irv Smith Jr.,TE,MIN,$758566
A.J. Brown,WR,TEN,$751926
Saquon Barkley,RB,NYG,$750000
Korey Cunningham,OT,NWE,$750000
Armani Watts,FS,KAN,$750000
Josey Jewell,ILB,DEN,$750000
Ben Niemann,LB,KAN,$750000
Zaire Franklin,LB,IND,$750000
Ja'Whaun Bentley,ILB,NWE,$750000
Efe Obada,LB,CAR,$750000
Jordan Whitehead,SS,TAM,$750000
Jalen Davis,CB,CIN,$750000
Russell Gage,WR,ATL,$750000
Jordan Wilkins,RB,IND,$750000
Chandon Sullivan,CB,GNB,$750000
Darrel Williams,RB,KAN,$750000
Chris Jones,CB,2TM,$750000
Cornell Armstrong,CB,HOU,$750000
Jason Cabinda,ILB,DET,$750000
Michael Badgley,K,LAC,$750000
Alex Cappa,OT,TAM,$750000
Roquan Smith,ILB,CHI,$750000
Tre Flowers,SS,SEA,$750000
Isaiah Ford,WR,MIA,$750000
Justin Watson,WR,TAM,$750000
Tavierre Thomas,DB,CLE,$750000
Bradley Chubb,DE,DEN,$750000
Taylor Stallworth,DT,IND,$750000
Avonte Maddox,CB,PHI,$750000
DeShon Elliott,SS,BAL,$750000
Younghoe Koo,K,ATL,$750000
Deon Yelder,TE,KAN,$750000
Jacob Martin,LB,HOU,$750000
Darious Williams,CB,LAR,$750000
Ryan Izzo,TE,NWE,$750000
Corey Bojorquez,P,BUF,$750000
Brandon Facyson,CB,LAC,$750000
Baker Mayfield,QB,CLE,$750000
Daniel Munyer,OL,TEN,$750000
Trenton Cannon,RB,CAR,$750000
Hunter Bradley,LS,GNB,$750000
Davontae Harris,CB,2TM,$750000
Kylie Fitts,DE,ARI,$750000
Devante Downs,LB,NYG,$750000
Joshua Kalu,CB,TEN,$750000
Tim Patrick,WR,DEN,$750000
Dalton Schultz,TE,DAL,$750000
Trenton Scott,T,CAR,$750000
Danny Johnson,CB,WAS,$750000
Josh Allen,QB,BUF,$750000
J.T. Gray,DB,NOR,$750000
John Franklin-Myers,DE,NYJ,$750000
Antwaun Woods,NT,DAL,$750000
Trent Sherfield,WR,ARI,$750000
Eddie Yarbrough,DE,MIN,$750000
Mark Andrews,TE,BAL,$750000
Brandon Powell,WR,ATL,$750000
Chukwuma Okorafor,OT,PIT,$750000
Marquez Valdes-Scantling,WR,GNB,$750000
Tyler Lancaster,DL,GNB,$750000
Joel Iyiegbuniwe,LB,CHI,$750000
Ike Boettger,G,BUF,$750000
P.J. Hall,DT,HOU,$750000
Scott Quessenberry,C,LAC,$750000
Ray-Ray McCloud,WR,PIT,$750000
Nyheim Hines,RB,IND,$750000
Tracy Walker,S,DET,$750000
Trent Taylor,WR,SFO,$750000
Peter Kalambayi,LB,HOU,$750000
Josh Adams,RB,NYJ,$750000
Jermaine Carter Jr.,LB,CAR,$750000
Ronnie Harrison,SS,CLE,$750000
Olasunkanmi Adeniyi,DE,PIT,$750000
Jordan Akins,TE,HOU,$750000
Bilal Nichols,DT,CHI,$750000
Arden Key,DE,LVR,$750000
Tim Settle,DT,WAS,$750000
Marquis Haynes,OLB,CAR,$750000
Derrick Nnadi,DT,KAN,$750000
Robert Tonyan,TE,GNB,$750000
Tony Brown,CB,CIN,$750000
George Odum,S,IND,$750000
Trey Marshall,S,DEN,$750000
Malik Turner,WR,DAL,$750000
Mason Cole,C,ARI,$750000
Josh Andrews,G,NYJ,$750000
Chris Board,LB,BAL,$750000
Justin Jackson,RB,LAC,$750000
Johnny Mundt,TE,LAR,$750000
Jason Sanders,K,MIA,$750000
Denzel Ward,CB,CLE,$750000
Jalyn Holmes,DE,MIN,$750000
Phillip Lindsay,RB,DEN,$750000
Tyrell Crosby,OT,DET,$750000
Ian Thomas,TE,CAR,$750000
Matt Gono,T,ATL,$750000
Antonio Brown,WR,TAM,$750000
Buddy Howell,RB,HOU,$750000
Kevin Peterson,CB,ARI,$750000
Harrison Phillips,DT,BUF,$750000
Braxton Berrios,WR,NYJ,$750000
Oren Burks,ILB,GNB,$750000
Michael Gallup,WR,DAL,$750000
Brandon Zylstra,WR,CAR,$750000
Mike Boone,RB,MIN,$750000
Dan Arnold,WR,ARI,$750000
Folorunso Fatukasi,DT,NYJ,$750000
Keke Coutee,WR,HOU,$750000
Bradley Bozeman,C,BAL,$750000
Justin Murray,T,ARI,$750000
Anthony Firkser,TE,TEN,$750000
Mike McGlinchey,OT,SFO,$750000
Jamil Douglas,OG,TEN,$750000
Demone Harris,DE,KAN,$750000
DeAndre Carter,WR,2TM,$750000
Siran Neal,CB,BUF,$750000
Ross Dwelley,TE,SFO,$750000
JK Scott,P,GNB,$750000
Chase Edmonds,RB,ARI,$750000
Cameron Johnston,P,PHI,$750000
Will Richardson,OT,JAX,$750000
Gus Edwards,RB,BAL,$750000
Sam Darnold,QB,NYJ,$750000
Orlando Brown Jr.,OT,BAL,$750000
Corn Elder,CB,CAR,$750000
Aaron Stinnie,G,TAM,$750000
Ifeadi Odenigbo,DE,MIN,$750000
Taron Johnson,CB,BUF,$750000
Stephen Anderson,TE,LAC,$750000
Kenny Young,LB,LAR,$750000
Troy Apke,S,WAS,$750000
Dennis Gardeck,LB,ARI,$750000
Tyler Conklin,TE,MIN,$750000
Michael Dickson,P,SEA,$750000
Nick Mullens,QB,SFO,$750000
Tim Boyle,QB,GNB,$750000
Damion Ratley,WR,NYG,$750000
Charvarius Ward,DB,KAN,$750000
Will Redmond,CB,GNB,$750000
Zach Pascal,WR,IND,$750000
Tre'Quan Smith,WR,NOR,$750000
Evan Brown,C,2TM,$750000
Deadrin Senat,DT,ATL,$750000
Mo Alie-Cox,TE,IND,$750000
Jaydon Mickens,WR,TAM,$750000
Darius Phillips,CB,CIN,$750000
Joseph Noteboom,OT,LAR,$750000
Dorian O'Daniel,OLB,KAN,$750000
Andrew Wylie,T,KAN,$750000
Zach Sieler,DE,MIA,$750000
Tre Herndon,CB,JAX,$750000
Tae Davis,LB,CLE,$750000
Tarvarius Moore,S,SFO,$750000
DaeSean Hamilton,WR,DEN,$750000
Foyesade Oluokun,S,ATL,$750000
Matt Dickerson,DE,TEN,$750000
Logan Cooke,P,JAX,$750000
Auden Tate,WR,CIN,$750000
Will Dissly,TE,SEA,$750000
Ito Smith,RB,ATL,$750000
Jaylen Samuels,RB,PIT,$750000
Daniel Carlson,K,LVR,$750000
Keion Crossen,CB,HOU,$750000
Marcell Harris,S,SFO,$750000
Durham Smythe,TE,MIA,$750000
Boston Scott,RB,PHI,$750000
Quenton Nelson,OG,IND,$750000
Poona Ford,DT,SEA,$750000
Alexander Johnson,LB,DEN,$750000
Chad Beebe,WR,MIN,$750000
Pat O'Connor,DE,TAM,$750000
Kyzir White,S,LAC,$750000
Trent Sieg,LS,LVR,$750000
Chris Herndon,TE,NYJ,$750000
Isaac Yiadom,CB,NYG,$750000
Harvey Langi,ILB,NYJ,$750000
Josh Sweat,DE,PHI,$750000
Dorance Armstrong Jr.,DE,DAL,$750000
J.C. Jackson,DB,NWE,$750000
Da'Shawn Hand,DE,DET,$750000
Shaun Dion Hamilton,LB,WAS,$750000
Wyatt Teller,OG,CLE,$750000
Sebastian Joseph,DT,LAR,$750000
Craig James,CB,PHI,$750000
Cordrea Tankersley,CB,MIN,$749000
Drew Sample,TE,CIN,$745286
Miles Sanders,RB,PHI,$738647
David Sharpe,OT,WAS,$735000
Joshua Dobbs,QB,PIT,$735000
Ryan Glasgow,DT,NOR,$735000
Danny Isidora,OG,KAN,$735000
Matt Pryor,OT,PHI,$732353
Lonnie Johnson Jr.,CB,HOU,$731575
James Ferentz,C,NWE,$727941
Max Scharping,OT,HOU,$725368
Mecole Hardman,WR,KAN,$722048
JJ Arcega-Whiteside,WR,PHI,$720056
Trysten Hill,DL,DAL,$716362
Parris Campbell,WR,IND,$712088
Nasir Adderley,S,LAC,$710096
Taylor Rapp,S,LAR,$707441
Kamalei Correa,OLB,2TM,$705888
Mason Schreck,TE,CIN,$705888
Pharaoh Brown,TE,HOU,$705888
Jerald Hawkins,OT,PIT,$705888
Le'Veon Bell,RB,2TM,$705882
Kalen Ballage,RB,2TM,$705882
Andy Isabella,WR,ARI,$705450
Juan Thornhill,S,KAN,$704785
D.K. Metcalf,WR,SEA,$703457
KhaDarel Hodge,WR,CLE,$697059
Levi Wallace,CB,BUF,$697059
Carl Davis,DT,NWE,$695882
James Hurst,OT,NOR,$695882
Jonathan Bullard,DE,SEA,$695882
Jamar Taylor,CB,SFO,$695882
Ken Crawley,DB,NOR,$695882
DeAndre Washington,RB,2TM,$695882
Joshua Garnett,OG,WAS,$695882
Eric Tomlinson,TE,2TM,$695882
Caraun Reid,DT,JAX,$695877
Zach Allen,DL,ARI,$690171
Diontae Johnson,WR,PIT,$689589
Darrell Henderson,RB,LAR,$686916
Dre'Mont Jones,DL,DEN,$685400
Germaine Pratt,LB,CIN,$684555
David Montgomery,RB,CHI,$684136
Terry McLaurin,WR,WAS,$681451
Chase Winovich,EDGE,NWE,$681000
Michael Deiter,OL,MIA,$680328
Richie James,WR,SFO,$679416
Jared Norris,ILB,WAS,$679412
Margus Hunt,DE,2TM,$679412
Justin Jones,DT,LAC,$679412
Austin Calitro,LB,DEN,$679412
Jabaal Sheard,DL,2TM,$679412
Alex Redmond,G,CIN,$679412
David Long,CB,LAR,$677776
Xavier Crawford,CB,CHI,$675000
Cody Barton,LB,SEA,$675000
Trace McSorley,QB,BAL,$675000
Diontae Spencer,WR,DEN,$675000
Jakobi Meyers,WR,NWE,$675000
Nsimba Webster,WR,LAR,$675000
D'Ernest Johnson,RB,CLE,$675000
Storm Norton,OT,LAC,$675000
Micah Kiser,ILB,LAR,$675000
Easton Stick,QB,LAC,$675000
Jakob Johnson,FB,NWE,$675000
Duke Shelley,CB,CHI,$675000
Jacob Tuioti-Mariner,DT,ATL,$675000
Kentavius Street,DT,SFO,$675000
Nate Herbig,G,PHI,$675000
Shy Tuttle,DL,NOR,$675000
Patrick Laird,RB,MIA,$675000
Khari Blasingame,RB,TEN,$675000
Jason Moore,WR,LAC,$675000
Patrick Morris,C,DEN,$675000
Joey Slye,K,CAR,$675000
T.J. Hockenson,TE,DET,$675000
Sam Ficken,K,NYJ,$675000
Trayveon Williams,RB,CIN,$675000
Chandler Cox,RB,MIA,$675000
Andre James,T,LVR,$675000
Cedrick Wilson Jr.,WR,DAL,$675000
Amani Hooker,S,TEN,$675000
Mack Wilson,LB,CLE,$675000
Kingsley Keke,DL,GNB,$675000
Dennis Daley,OL,CAR,$675000
Marcus Kemp,WR,2TM,$675000
E.J. Speed,LB,IND,$675000
Jaeden Graham,TE,ATL,$675000
Chuma Edoga,OL,NYJ,$675000
Darryl Johnson,DE,BUF,$675000
Riley Ridley,WR,CHI,$675000
Josh Woods,LB,CHI,$675000
Samuel Eguavoen,LB,MIA,$675000
Jaquan Johnson,CB,BUF,$675000
Daniel Brunskill,OT,SFO,$675000
Azeez Al-Shaair,LB,SFO,$675000
Calvin Anderson,T,DEN,$675000
Rico Gafford,WR,LVR,$675000
Nate Davis,OL,TEN,$675000
Ben Burr-Kirven,LB,SEA,$675000
Bobby Evans,OL,LAR,$675000
John Cominsky,DE,ATL,$675000
Qadree Ollison,RB,ATL,$675000
Jamarco Jones,OT,SEA,$675000
Kris Boyd,CB,MIN,$675000
Jamie Gillan,P,CLE,$675000
Kyler Murray,QB,ARI,$675000
Travis Homer,RB,SEA,$675000
Alex Bars,T,CHI,$675000
Anthony Nelson,DL,TAM,$675000
Josh Watson,LB,DEN,$675000
Mitch Wishnowsky,P,SFO,$675000
Emeke Egbule,LB,LAC,$675000
Coleman Shelton,C,LAR,$675000
Trey Pipkins,OT,LAC,$675000
Bryan Mone,DT,SEA,$675000
Christian Blake,WR,ATL,$675000
Olamide Zaccheaus,WR,ATL,$675000
Dan Skipper,OT,DET,$675000
Ryan Connelly,LB,MIN,$675000
Sione Takitaki,LB,CLE,$675000
Darius Slayton,WR,NYG,$675000
Dru Samia,OL,MIN,$675000
Cullen Gillaspia,RB,HOU,$675000
Calvin Munson,OLB,MIA,$675000
Cody Hollister,WR,TEN,$675000
Greg Ward,WR,PHI,$675000
J.P. Holtz,TE,CHI,$675000
Ryan Nall,RB,CHI,$675000
Jalen Thompson,"",ARI,$675000
Nik Needham,DB,MIA,$675000
David Long,LB,TEN,$675000
Andrew Brown,DE,2TM,$675000
Nick Scott,S,LAR,$675000
Mike Edwards,S,TAM,$675000
Jace Sternberger,TE,GNB,$675000
Isaiah Johnson,CB,LVR,$675000
Raven Greene,S,GNB,$675000
Devin White,LB,TAM,$675000
KeeSean Johnson,WR,ARI,$675000
Isaiah Buggs,DL,PIT,$675000
Kaden Elliss,LB,NOR,$675000
Ty Johnson,RB,2TM,$675000
Jordan Simmons,G,SEA,$675000
Ben Powers,OL,BAL,$675000
Jalen Guyton,WR,LAC,$675000
Bobby Okereke,LB,IND,$675000
Devin Singletary,RB,BUF,$675000
Jimmy Moreland,CB,WAS,$675000
James Vaughters,LB,CHI,$675000
Justice Hill,RB,BAL,$675000
Jaylon Ferguson,DE,BAL,$675000
Michael Jordan,OL,CIN,$675000
Deonte Harris,WR,NOR,$675000
Brandon Watson,DB,JAX,$675000
Austin Cutting,LS,MIN,$675000
Benny Snell Jr.,"",PIT,$675000
Patrick Mekari,G,BAL,$675000
Dakota Allen,LB,JAX,$675000
Fred Johnson,G,CIN,$675000
Kendall Sheffield,CB,ATL,$675000
Zach Triner,LS,TAM,$675000
Porter Gustin,LB,CLE,$675000
C.J. Moore,DB,DET,$675000
Alex Singleton,LB,PHI,$675000
Byron Pringle,WR,KAN,$675000
Foster Moreau,TE,LVR,$675000
Daniel Jones,QB,NYG,$675000
Charles Omenihu,DL,HOU,$675000
Zach Gentry,TE,PIT,$675000
Shaq Calhoun,G,CIN,$675000
Cole Holcomb,LB,WAS,$675000
Stephen Carlson,TE,CLE,$675000
Sheldrick Redwine,S,CLE,$675000
Deionte Thompson,S,ARI,$675000
Jamal Perry,DB,MIA,$675000
Keisean Nixon,CB,LVR,$675000
Nick Allegretti,G,KAN,$675000
Scott Miller,WR,TAM,$675000
Ross Pierschbacher,OL,PHI,$675000
Wes Martin,G,WAS,$675000
Chris Lammons,DB,KAN,$675000
Jamel Dean,CB,TAM,$675000
Nick Gates,OT,NYG,$675000
Emmanuel Moseley,CB,SFO,$675000
Justin Layne,CB,PIT,$675000
Joe Jackson,EDGE,CLE,$675000
Amani Oruwariye,CB,DET,$675000
Quinnen Williams,DL,NYJ,$675000
Jake Bailey,P,NWE,$675000
Austin Schlottmann,G,DEN,$675000
Troy Reeder,LB,LAR,$675000
Hunter Renfrow,WR,LVR,$675000
David Edwards,OL,LAR,$675000
Marcus Allen,S,PIT,$675000
Ethan Greenidge,OL,NOR,$675000
Jordan Mailata,T,PHI,$675000
Alec Ingold,FB,LVR,$675000
Tony Pollard,RB,DAL,$675000
Greg Gaines,DL,LAR,$675000
Marcus Epps,S,PHI,$675000
Chauncey Gardner-Johnson,S,NOR,$675000
Alexander Mattison,RB,MIN,$675000
Reggie Bonnafon,RB,CAR,$675000
Cole Mazza,LS,LAC,$675000
Luke Gifford,LB,DAL,$675000
Rashad Fenton,CB,KAN,$675000
Ryan Finley,QB,CIN,$675000
Ka'dar Hollman,CB,GNB,$675000
Corey Ballentine,CB,2TM,$675000
Donovan Wilson,S,DAL,$675000
Darwin Thompson,RB,KAN,$675000
Malik Reed,LB,DEN,$675000
Cortez Broughton,DL,LAC,$675000
Will Harris,S,DET,$675000
Nate Meadors,DB,MIN,$675000
Armon Watts,DL,MIN,$675000
Julian Love,CB,NYG,$675000
Robert Spillane,LB,PIT,$675000
Carl Granderson,DE,NOR,$675000
Yosuah Nijman,T,GNB,$675000
Kyle Allen,QB,WAS,$675000
Dre Greenlaw,LB,SFO,$675000
Jarrett Stidham,QB,NWE,$675000
Derick Roberson,DE,TEN,$675000
Ugo Amadi,S,SEA,$675000
Steven Mitchell,WR,HOU,$675000
Olabisi Johnson,WR,MIN,$675000
Dare Ogunbowale,RB,JAX,$675000
Lamont Gaillard,OL,ARI,$675000
Ty Summers,LB,GNB,$675000
Andrew Van Ginkel,LB,MIA,$675000
Justin Skule,OT,SFO,$675000
Khari Willis,S,IND,$675000
Blessuan Austin,CB,NYJ,$675000
Miles Boykin,WR,BAL,$675000
Kaden Smith,TE,NYG,$675000
Javon Wims,WR,CHI,$661770
Tremon Smith,"",IND,$661770
Malik Jefferson,OLB,LAC,$661770
Kyle Fuller,C,SEA,$661770
Daniel Ross,DT,2TM,$661769
Vyncint Smith,WR,NYJ,$661767
Ryan Lewis,DB,NYG,$661765
Jordan Thomas,TE,2TM,$661765
Hardy Nickerson,ILB,MIN,$661765
C.J. Prosise,RB,HOU,$661765
Jeremy McNichols,RB,TEN,$661765
Josh Malone,WR,NYJ,$661765
Kevin Toliver,DB,DEN,$660000
Eric Smith,OG,DAL,$660000
D.J. Reed,CB,SEA,$660000
Troy Fumagalli,TE,DEN,$660000
Woodrow Hamilton,DL,CAR,$660000
Jamal Carter,S,ATL,$660000
Natrell Jamerson,FS,CAR,$660000
Garrett Gilbert,QB,DAL,$660000
Jaleel Scott,WR,NYJ,$660000
Chad Wheeler,OT,SEA,$660000
Deante Burton,WR,DAL,$660000
Garrett Griffin,TE,NOR,$660000
Kahale Warring,TE,HOU,$658252
Connor McGovern,OL,DAL,$657000
Byron Cowart,DL,NWE,$645588
Mike Ford,CB,DET,$644120
Matthew Adams,LB,IND,$644118
Rasheem Green,DT,SEA,$644118
Ross Cockrell,CB,TAM,$642353
Kyle Emanuel,OLB,2TM,$642353
Xavier Williams,DT,2TM,$642353
Daurice Fountain,WR,IND,$635296
Austin Seibert,K,2TM,$635296
Damien Harris,RB,NWE,$630882
Deon Lacey,LB,BUF,$630882
Taywan Taylor,WR,CLE,$630882
Gunner Olszewski,WR,NWE,$630882
Dontrell Hilliard,RB,2TM,$617652
Shaquem Griffin,OLB,SEA,$617647
Taybor Pepper,LS,SFO,$617647
Equanimeous St. Brown,WR,GNB,$616176
Quincy Williams,"",JAX,$616176
Steven Sims,WR,WAS,$616176
Khalid Kareem,DL,CIN,$610000
Joe Reed,WR,LAC,$610000
Donovan Peoples-Jones,WR,CLE,$610000
Matt Nelson,T,DET,$610000
DeeJay Dallas,RB,SEA,$610000
Derrick Brown,DL,CAR,$610000
Bryan Edwards,WR,LVR,$610000
Solomon Kindley,OL,MIA,$610000
Mekhi Becton,OL,NYJ,$610000
Logan Woodside,QB,TEN,$610000
Justin Madubuike,DL,BAL,$610000
Chase Claypool,WR,PIT,$610000
Isaiah Wright,WR,WAS,$610000
Raekwon Davis,DL,MIA,$610000
Joe Burrow,QB,CIN,$610000
John Simpson,OL,LVR,$610000
Jeff Okudah,CB,DET,$610000
Arlington Hambright,OT,CHI,$610000
Jonathan Garvin,DL,GNB,$610000
Ben DiNucci,QB,DAL,$610000
Doug Costin,DT,JAX,$610000
Reggie Gilliam,TE,BUF,$610000
Larrell Murchison,DL,TEN,$610000
K'Von Wallace,S,PHI,$610000
Jeff Gladney,CB,MIN,$610000
Colin Thompson,TE,CAR,$610000
Jordyn Brooks,LB,SEA,$610000
Ben Bartch,OL,JAX,$610000
McTelvin Agim,DL,DEN,$610000
Jerry Jeudy,WR,DEN,$610000
Vernon Scott,S,GNB,$610000
Zack Baun,LB,NOR,$610000
Malcolm Perry,WR,MIA,$610000
Leki Fotu,DL,ARI,$610000
Sam Franklin,OLB,CAR,$610000
Ashtyn Davis,S,NYJ,$610000
Braden Mann,P,NYJ,$610000
Chris Streveler,QB,ARI,$610000
Noah Igbinoghene,CB,MIA,$610000
Tyler Biadasz,OL,DAL,$610000
Alton Robinson,DL,SEA,$610000
Justin Herbert,QB,LAC,$610000
Rodrigo Blankenship,K,IND,$610000
Sam Sloman,K,2TM,$610000
AJ Dillon,RB,GNB,$610000
Marquez Callaway,WR,NOR,$610000
Ben Bredeson,OL,BAL,$610000
Logan Wilson,LB,CIN,$610000
Nick Keizer,TE,KAN,$610000
Stantley Thomas-Oliver,CB,CAR,$610000
Cam Brown,LB,NYG,$610000
Marcus Baugh,TE,WAS,$610000
Noah Togiai,TE,IND,$610000
Akeem Davis-Gaither,LB,CIN,$610000
Casey Toohill,LB,2TM,$610000
Robert Hunt,OL,MIA,$610000
Quinton Bell,DE,TAM,$610000
Gabriel Davis,WR,BUF,$610000
Tyler Davis,TE,JAX,$610000
Freddie Swain,WR,SEA,$610000
John Hightower,WR,PHI,$610000
Ke'Shawn Vaughn,RB,TAM,$610000
K.J. Hill,WR,LAC,$610000
KJ Hamler,WR,DEN,$610000
Michael Onwenu,OL,NWE,$610000
Trevon Diggs,CB,DAL,$610000
Davion Taylor,LB,PHI,$610000
Randy Ramsey,LB,GNB,$610000
Kevin Givens,DT,SFO,$610000
Andrew Thomas,OL,NYG,$610000
Van Jefferson,WR,LAR,$610000
John Reid,CB,HOU,$610000
Joshua Kelley,RB,LAC,$610000
K'Lavon Chaisson,LB,JAX,$610000
J.C. Hassenauer,C,PIT,$610000
Jake Luton,QB,JAX,$610000
D.J. Wonnum,DL,MIN,$610000
Amik Robertson,CB,LVR,$610000
C.J. Henderson,CB,JAX,$610000
Jacob Phillips,LB,CLE,$610000
Tremayne Anchrum,OL,LAR,$610000
Danny Pinter,OL,IND,$610000
Neville Gallimore,DL,DAL,$610000
Alex Highsmith,DL,PIT,$610000
James Proche,WR,BAL,$610000
Tua Tagovailoa,QB,MIA,$610000
Jon Runyan,OL,GNB,$610000
Devin Asiasi,TE,NWE,$610000
Zack Moss,RB,BUF,$610000
Phillip Walker,QB,CAR,$610000
Trevis Gipson,DL,CHI,$610000
Kenneth Murray,LB,LAC,$610000
Kyle Dugger,S,NWE,$610000
Broderick Washington Jr.,DL,BAL,$610000
Hakeem Adeniji,OL,CIN,$610000
John Penisini,DL,DET,$610000
Derrick Kelly,T,NOR,$610000
Quintez Cephus,WR,DET,$610000
Anfernee Jennings,LB,NWE,$610000
Josiah Scott,CB,JAX,$610000
Tristan Wirfs,OL,TAM,$610000
Dan Chisena,WR,MIN,$610000
Collin Johnson,WR,JAX,$610000
Jack Fox,P,DET,$610000
John Wolford,QB,LAR,$610000
Hjalte Froholdt,OL,NWE,$610000
Cassh Maluia,LB,NWE,$610000
Tyrie Cleveland,WR,DEN,$610000
Tyree St. Louis,T,LAC,$610000
Bradlee Anae,DL,DAL,$610000
Tyler Johnson,WR,TAM,$610000
Ross Blacklock,DL,HOU,$610000
James Robinson,RB,JAX,$610000
Keith Ismael,OL,WAS,$610000
Tee Higgins,WR,CIN,$610000
D'Andre Swift,RB,DET,$610000
Cesar Ruiz,OL,NOR,$610000
Patrick Queen,LB,BAL,$610000
Kindle Vildor,CB,CHI,$610000
Jonah Jackson,OL,DET,$610000
K.J. Osborn,WR,MIN,$610000
Blake Ferguson,LS,MIA,$610000
J.K. Dobbins,RB,BAL,$610000
Mykal Walker,LB,ATL,$610000
Malik Taylor,WR,GNB,$610000
Tevaughn Campbell,DB,LAC,$610000
James Smith-Williams,DL,WAS,$610000
Markus Bailey,LB,CIN,$610000
Darnay Holmes,CB,NYG,$610000
Dezmon Patmon,WR,IND,$610000
Demetrius Flannigan-Fowles,DB,SFO,$610000
Nick Harris,OL,CLE,$610000
Penny Hart,WR,SEA,$610000
Cam Akers,RB,LAR,$610000
La'Mical Perine,RB,NYJ,$610000
Jeremy Chinn,S,CAR,$610000
Javon Kinlaw,DL,SFO,$610000
Jonathan Greenard,DL,HOU,$610000
Cole Kmet,TE,CHI,$610000
Ezra Cleveland,OL,MIN,$610000
Jordan Elliott,DL,CLE,$610000
Isaiah Simmons,LB,ARI,$610000
Julian Blackmon,S,IND,$610000
Michael Ojemudia,CB,DEN,$610000
Brandon Jones,S,MIA,$610000
Chris Jackson,S,TEN,$610000
DaVon Hamilton,DL,JAX,$610000
Josh Jones,OL,ARI,$610000
Shane Lemieux,OL,NYG,$610000
Kevin Dotson,OL,PIT,$610000
Damien Lewis,OL,SEA,$610000
Jordan Glasgow,LB,IND,$610000
Jack Driscoll,OL,PHI,$610000
Maxx Crosby,EDGE,LVR,$610000
Daniel Thomas,S,JAX,$610000
Justin Jefferson,WR,MIN,$610000
Brycen Hopkins,TE,LAR,$610000
Krys Barnes,LB,GNB,$610000
Malik Harrison,LB,BAL,$610000
Matt Peart,OL,NYG,$610000
Devin Duvernay,WR,BAL,$610000
Kamren Curl,S,WAS,$610000
Tyler Bass,K,BUF,$610000
Brandon Aiyuk,WR,SFO,$610000
Charlie Woerner,TE,SFO,$610000
Logan Stenberg,OL,DET,$610000
Carlos Davis,DL,PIT,$610000
Jalen Hurts,QB,PHI,$610000
Matt Hennessy,OL,ATL,$610000
Khalil Davis,DL,TAM,$610000
Jason Strowbridge,DL,MIA,$610000
Chase Young,DL,WAS,$610000
Kendal Vickers,DE,LVR,$610000
Raymond Calais,RB,LAR,$610000
Harrison Hand,CB,MIN,$610000
Jonathan Taylor,RB,IND,$610000
Sterling Hofrichter,P,ATL,$610000
AJ Terrell,CB,ATL,$610000
Netane Muti,OL,DEN,$610000
Colton McKivitz,OL,SFO,$610000
Khaleke Hudson,LB,WAS,$610000
Jaylinn Hawkins,S,ATL,$610000
Clyde Edwards-Helaire,RB,KAN,$610000
James Lynch,DL,MIN,$610000
Cameron Dantzler,CB,MIN,$610000
Charlie Heck,OL,HOU,$610000
Adam Trautman,TE,NOR,$610000
Chris Claybrooks,CB,JAX,$610000
Jaylon Johnson,CB,CHI,$610000
Harrison Bryant,TE,CLE,$610000
Jachai Polite,EDGE,LAR,$610000
Darnell Mooney,WR,CHI,$610000
A.J. Epenesa,DL,BUF,$610000
CeeDee Lamb,WR,DAL,$610000
Isaiah Rodgers,CB,IND,$610000
Bravvion Roy,DT,CAR,$610000
Antonio Gibson,RB,WAS,$610000
D'Andre Walker,EDGE,SEA,$610000
Carter Coughlin,LB,NYG,$610000
J.J. Taylor,RB,NWE,$610000
Alohi Gilman,S,LAC,$610000
Shaun Bradley,LB,PHI,$610000
Dane Cruikshank,CB,TEN,$608827
Holton Hill,CB,MIN,$608827
Brett Rypien,QB,DEN,$595590
Darrius Shepherd,WR,GNB,$595590
DeShawn Williams,DT,DEN,$595590
Natrez Patrick,LB,LAR,$595588
Tanner Hudson,TE,TAM,$595588
Linden Stephens,CB,SEA,$595588
Keaton Sutherland,G,CIN,$595588
Cam Sims,WR,WAS,$595588
Martinas Rankin,OT,KAN,$591180
Billy Winn,DT,GNB,$588824
Aaron Lynch,DE,JAX,$588824
Damarious Randall,FS,SEA,$588824
Jordan Berry,P,PIT,$588824
Kai Forbath,K,LAR,$588824
Damontre Moore,DE,SEA,$588819
Marlon Davidson,DL,ATL,$585294
Noah Dawkins,LB,NYJ,$585000
Justin Hollins,EDGE,LAR,$585000
Ken Webster,CB,SFO,$585000
Tuzar Skipper,LB,TEN,$585000
Jeremiah Ledbetter,DT,TAM,$585000
Michael Dogbe,DL,ARI,$585000
Caleb Wilson,TE,PHI,$585000
Juwann Winfree,WR,GNB,$585000
Hale Hentges,TE,MIN,$585000
Abdullah Anderson,DT,MIN,$585000
Stanley Morgan Jr.,WR,CIN,$585000
Joe Giles-Harris,LB,JAX,$585000
Ben Braden,OG,GNB,$585000
Alijah Holder,DB,DEN,$585000
Tae Hayes,DB,2TM,$585000
Jake Eldrenkamp,OG,IND,$585000
Frank Herron,DL,DET,$585000
C.J. Board,WR,NYG,$585000
Fred Brown,WR,DEN,$585000
Jordan Kunaszyk,LB,WAS,$585000
Kevin Strong,DT,DET,$585000
Duke Williams,WR,BUF,$585000
Montrel Meander,CB,CLE,$585000
Mike Love,DE,BUF,$585000
Lil'Jordan Humphrey,WR,NOR,$585000
Daniel Ekuale,DL,JAX,$585000
Dexter Williams,RB,GNB,$585000
Austin Larkin,DE,CAR,$585000
Michael Jackson,CB,NWE,$585000
Tim Ward,DE,KAN,$585000
Evan Baylis,TE,ARI,$585000
Beau Benzschawel,G,HOU,$585000
Mazzi Wilkins,DB,TAM,$585000
Deon Cain,WR,PIT,$585000
Marcus Johnson,WR,IND,$582353
Isaiah Irving,OLB,ARI,$582353
Nick Westbrook-Ikhine,WR,TEN,$574118
Asmar Bilal,LB,LAC,$574118
Josh Metellus,S,MIN,$574118
Javin White,DB,LVR,$574118
Rashad Smith,LB,PHI,$574118
Gabe Nabers,RB,LAC,$574118
Derwin Gray,OL,PIT,$574112
Amani Bledsoe,DE,CIN,$574112
Jeff Wilson,RB,SFO,$573532
Genard Avery,LB,PHI,$573532
Michael Danna,DE,KAN,$572941
Yetur Gross-Matos,DL,CAR,$572941
Jeff Smith,WR,NYJ,$572940
Jalen Reagor,WR,PHI,$560588
Del'Shawn Phillips,LB,BUF,$560588
Blake Cashman,LB,NYJ,$560588
Austin Jackson,OL,MIA,$560588
Terrell Lewis,LB,LAR,$560587
Isaiah Wilson,OL,TEN,$560587
Quez Watkins,WR,PHI,$560587
Preston Williams,WR,MIA,$557354
Austin Bryant,EDGE,DET,$557353
Parry Nickerson,CB,GNB,$555884
Ogbonnia Okoronkwo,DE,LAR,$555884
Dallin Leavitt,S,LVR,$555884
Anthony Averett,CB,BAL,$555884
Dwayne Harris,WR,CHI,$555882
Ryan Allen,P,2TM,$555882
Travis Fulgham,WR,PHI,$555882
Daniel Helm,TE,SFO,$555882
Ryan Neal,DB,SEA,$555882
Darius Harris,LB,KAN,$555882
Jordan Miller,CB,ATL,$555882
Andrew Beck,TE,DEN,$552942
Denzel Mims,WR,NYJ,$548235
Troy Dye,LB,MIN,$548235
Josh Uche,LB,NWE,$548235
Devine Ozigbo,RB,JAX,$544706
Ashton Dulin,WR,IND,$542648
Trevon Wesco,TE,NYJ,$542648
Ulysees Gilbert,LB,PIT,$542648
Myles Gaskin,RB,MIA,$542648
Jake Gervase,DB,LAR,$540000
Sam Hubbard,DE,CIN,$538237
Jack Cichy,ILB,TAM,$538237
John Lovett,TE,GNB,$538235
Brandon Wright,K,JAX,$538235
P.J. Locke,DB,DEN,$538235
Saivion Smith,DB,DAL,$538230
Sylvester Williams,DT,DEN,$535294
Josh Mauro,DE,ARI,$535294
Daren Bates,LB,TEN,$535294
Joe Walker,ILB,SFO,$533824
James Burgess,LB,GNB,$533824
Justin Hamilton,DT,DAL,$529416
Kyle Phillips,DL,NYJ,$527942
A'Shawn Robinson,DT,LAR,$523529
Kamal Martin,LB,GNB,$523527
Colby Parkinson,TE,SEA,$523527
Jabari Zuniga,DL,NYJ,$523527
Isaiah Coulter,WR,HOU,$523527
Maurice Hurst Jr.,DT,LVR,$520590
Kwon Alexander,OLB,2TM,$516878
Tyron Johnson,WR,LAC,$516176
Solomon Thomas,DE,SFO,$516176
Greg Senat,OT,DAL,$516176
Jake Rodgers,T,DEN,$516176
Frankie Luvu,LB,NYJ,$513236
Dawson Knox,TE,BUF,$513236
Brandon Knight,T,DAL,$513236
Dalton Keene,TE,NWE,$511173
Bryce Hall,CB,NYJ,$511173
Albert Okwuegbunam,TE,DEN,$511173
Javon Patterson,OL,CLE,$510000
Tim Harris,CB,SFO,$510000
KC McDermott,OL,JAX,$510000
Herb Miller,DB,TAM,$510000
Chris Westry,CB,DAL,$510000
Joe Ostman,DE,PHI,$510000
Quinn Bailey,T,DEN,$510000
Chris Myarick,TE,MIA,$510000
Trenton Irwin,WR,CIN,$510000
Hakeem Butler,WR,PHI,$510000
Kevin Rader,TE,PIT,$510000
Ben Ellefson,TE,JAX,$504702
Leon Jacobs,OLB,JAX,$502942
A.J. Moore,DB,HOU,$502942
Ron'Dell Carter,DE,DAL,$502353
Jamycal Hasty,RB,SFO,$502353
LeVante Bellamy,RB,DEN,$502353
Jovante Moffatt,DB,CLE,$502353
Javelin Guidry,DB,NYJ,$502353
Madre Harper,DB,NYG,$502353
Tyre Phillips,OL,BAL,$498821
Shaquille Quarterman,LB,JAX,$498821
Andrew Wingard,S,JAX,$498530
Otaro Alaka,LB,BAL,$498530
Greg Stroman,CB,WAS,$498530
Tramon Williams,DB,BAL,$494118
Justin Herron,OL,NWE,$486468
Terrell Burgess,S,LAR,$486468
Justin Zimmer,DT,BUF,$485298
Sean Chandler,FS,NYG,$485294
Robert Foster,WR,WAS,$485294
Jonathan Williams,RB,DET,$485294
Temarrick Hemingway,TE,WAS,$485294
Elijah Lee,OLB,2TM,$485290
Oshane Ximines,EDGE,NYG,$483824
Theo Riddick,RB,LVR,$481765
Bryce Hager,ILB,NYJ,$481765
Jayrone Elliott,LB,PIT,$481765
Robert Jackson,CB,CLE,$476471
Kristian Fulton,CB,TEN,$474118
Saahdiq Charles,OL,WAS,$474116
Antonio Gandy-Golden,WR,WAS,$474116
Tae Crowder,"",NYG,$474116
Tyrel Dodson,LB,BUF,$474116
Julian Okwara,DL,DET,$474116
Allen Lazard,WR,GNB,$469118
Chase Hansen,LB,NOR,$469118
Keith Kirkwood,WR,CAR,$467647
Jonathan Ward,RB,ARI,$466471
Chapelle Russell,LB,TAM,$466471
Cyril Grayson,WR,TAM,$466471
Trystan Colon-Castillo,C,BAL,$466471
Francis Bernard,LB,DAL,$466471
Cameron Lewis,DB,BUF,$466471
Salvon Ahmed,RB,MIA,$466471
Alex Barrett,DE,SFO,$466466
Darrynton Evans,RB,TEN,$461763
Rashard Lawrence,DL,ARI,$461763
Jordan Fuller,S,LAR,$461763
Hunter Bryant,TE,DET,$461763
Nick Bosa,EDGE,SFO,$454412
Josiah Deguara,TE,GNB,$449410
Andre Smith,ILB,BUF,$441180
Isaac Nauta,TE,DET,$441176
David Quessenberry,OT,TEN,$441176
Cole Toner,OT,LAC,$441176
Drue Tranquill,LB,LAC,$439706
Khalen Saunders,DT,KAN,$439706
L'Jarius Sneed,S,KAN,$437058
Damon Arnette,CB,LVR,$437058
Steven Parker,DB,DAL,$436765
Lamar Jackson,DB,NYJ,$430588
Tyler Hall,DB,ATL,$430588
Jordan Brailford,EDGE,MIN,$430588
David Blough,QB,DET,$430588
Sam Mustipher,C,CHI,$430584
Parnell Motley,DB,2TM,$430584
Juju Hughes,DB,LAR,$430584
Johnathan Cyprien,SS,SFO,$428235
Edmond Robinson,OLB,ATL,$428235
Nate Orchard,OLB,WAS,$428235
Brett Toth,T,PHI,$425000
Saquan Hampton,S,NYJ,$425000
Phil Haynes,OL,SEA,$425000
Bo Scarbrough,RB,SEA,$425000
Xavier McKinney,S,NYG,$400000
Alex Taylor,T,CLE,$400000
Tashawn Bower,OLB,NWE,$397062
Trent Harris,DL,NYG,$397059
Hercules Mata'afa,DE,MIN,$397059
Jeremy Reaves,FS,WAS,$397059
Cameron Batson,WR,TEN,$397059
Nick Thurman,DT,NWE,$397059
D'Onta Foreman,RB,TEN,$397059
Kareem Orr,DB,TEN,$397059
Jeremy Cox,RB,DEN,$397059
Mark Fields II,CB,2TM,$397059
Henry Mondeaux,DT,PIT,$394702
De'Vante Bausby,DB,2TM,$388235
Trey Edmunds,RB,PIT,$388235
Derrek Tuszka,DL,DEN,$378824
Khalil Dorsey,DB,BAL,$367647
Sergio Castillo,K,NYJ,$358824
Isaiah Mack,DT,2TM,$357354
Breon Borders,CB,TEN,$357353
Dylan Mabin,DB,2TM,$357353
Bennett Jackson,CB,NYJ,$357353
Terrell Bonds,DB,BAL,$357353
Jeff Badet,WR,WAS,$352941
Jessie Lemonier,DE,LAC,$322941
Hunter Niswander,P,DAL,$322941
Kristian Welch,LB,BAL,$322941
Chase McLaughlin,K,2TM,$317647
Anthony Rush,NT,2TM,$317647
River Cracraft,WR,SFO,$317647
De'Jon Harris,LB,GNB,$287059
Austin Walter,RB,SFO,$287059
Brandon Allen,QB,CIN,$204000
Tyler Bray,QB,CHI,$142800
Dane Jackson,CB,BUF,$142800
Trayvon Henderson,S,CIN,$134400
Freedom Akinmoladun,DE,CIN,$134400
Chad Slade,G,NYG,$134400
D.J. Foster,RB,ARI,$126000
Isaiah Zuber,WR,NWE,$117600
Geno Stone,S,BAL,$109200
Will Clapp,C,NOR,$109200
Corey Liuget,DT,HOU,$96000
Matt Overton,LS,TEN,$96000
Trevor Daniel,P,TEN,$75600
